batter,runs,balls_faced,fours,sixes,dot_balls,strike_rate,boundary_runs,boundary_percentage,dot_ball_percentage
A Badoni,215,141,23,9,54,152.48,146,67.91,38.3
A Kamboj,58,36,3,4,12,161.11,36,62.07,33.33
A Mhatre,201,112,20,12,44,179.46,152,75.62,39.29
A Nortje,0,1,0,0,1,0.0,0,,100.0
A Raghuvanshi,422,287,40,19,113,147.04,274,64.93,39.37
AA Kulkarni,17,25,1,0,14,68.0,4,23.53,56.0
AF Milne,2,2,0,0,1,100.0,0,0.0,50.0
AJ Hosein,5,3,0,0,0,166.67,0,0.0,0.0
AK Markram,231,166,20,11,60,139.16,146,63.2,36.14
AM Ghazanfar,2,3,0,0,1,66.67,0,0.0,33.33
AM Rahane,335,248,25,18,101,135.08,208,62.09,40.73
AR Patel,173,131,16,6,58,132.06,100,57.8,44.27
AS Roy,52,39,3,2,14,133.33,24,46.15,35.9
Abdul Samad,116,88,10,5,38,131.82,70,60.34,43.18
Abhishek Sharma,563,275,50,43,118,204.73,458,81.35,42.91
Abishek Porel,108,88,15,1,41,122.73,66,61.11,46.59
Akshat Raghuwanshi,29,25,1,1,9,116.0,10,34.48,36.0
Aniket Verma,79,54,6,5,23,146.3,54,68.35,42.59
Arjun Tendulkar,5,5,0,0,1,100.0,0,0.0,20.0
Arshad Khan,23,11,1,2,3,209.09,16,69.57,27.27
Arshdeep Singh,1,1,0,0,0,100.0,0,0.0,0.0
Ashok Sharma,1,4,0,0,4,25.0,0,0.0,100.0
Ashutosh Sharma,171,92,15,12,38,185.87,132,77.19,41.3
Ashwani Kumar,1,6,0,0,5,16.67,0,0.0,83.33
Auqib Nabi,14,3,2,1,1,466.67,14,100.0,33.33
Avesh Khan,6,6,1,0,4,100.0,4,66.67,66.67
Azmatullah Omarzai,52,27,3,5,11,192.59,42,80.77,40.74
B Kumar,34,26,3,1,12,130.77,18,52.94,46.15
B Sai Sudharsan,722,454,75,30,166,159.03,480,66.48,36.56
Brijesh Sharma,2,4,0,0,2,50.0,0,0.0,50.0
C Bosch,50,31,5,2,10,161.29,32,64.0,32.26
C Connolly,491,299,43,32,125,164.21,364,74.13,41.81
C Green,322,220,22,17,78,146.36,190,59.01,35.45
CV Varun,5,6,1,0,4,83.33,4,80.0,66.67
D Brevis,151,118,8,10,54,127.97,92,60.93,45.76
D Ferreira,317,177,26,23,68,179.1,242,76.34,38.42
D Padikkal,464,275,49,24,94,168.73,340,73.28,34.18
DA Miller,211,137,15,14,54,154.01,144,68.25,39.42
DA Payne,6,5,0,0,1,120.0,0,0.0,20.0
DL Chahar,25,19,3,1,10,131.58,18,72.0,52.63
DS Rathi,2,5,0,0,3,40.0,0,0.0,60.0
DV Malewar,2,5,0,0,3,40.0,0,0.0,60.0
Dhruv Jurel,515,333,47,24,113,154.65,332,64.47,33.93
E Malinga,7,17,0,0,11,41.18,0,0.0,64.71
FH Allen,349,163,33,28,63,214.11,300,85.96,38.65
GD Phillips,67,54,4,2,17,124.07,28,41.79,31.48
GF Linde,31,21,6,0,10,147.62,24,77.42,47.62
H Klaasen,624,390,48,31,128,160.0,378,60.58,32.82
HH Pandya,206,149,21,7,55,138.26,126,61.17,36.91
HV Patel,10,9,2,0,5,111.11,8,80.0,55.56
Harpreet Brar,5,3,1,0,1,166.67,4,80.0,33.33
Harsh Dubey,13,9,2,0,5,144.44,8,61.54,55.56
Himmat Singh,92,65,5,5,28,141.54,50,54.35,43.08
Ishan Kishan,602,330,60,32,100,182.42,432,71.76,30.3
J Overton,136,85,13,6,31,160.0,88,64.71,36.47
JC Archer,64,46,4,4,21,139.13,40,62.5,45.65
JC Buttler,526,345,51,26,126,152.46,360,68.44,36.52
JD Unadkat,4,3,0,0,1,133.33,0,0.0,33.33
JG Bethell,96,77,12,3,37,124.68,66,68.75,48.05
JJ Bumrah,7,7,1,0,4,100.0,4,57.14,57.14
JM Sharma,116,95,9,6,44,122.11,72,62.07,46.32
JO Holder,65,52,3,3,21,125.0,30,46.15,40.38
JP Inglis,266,142,32,12,50,187.32,200,75.19,35.21
JR Hazlewood,0,1,0,0,1,0.0,0,,100.0
K Rabada,47,38,5,2,19,123.68,32,68.09,50.0
KA Jamieson,12,13,1,1,10,92.31,10,83.33,76.92
KH Pandya,226,153,20,11,61,147.71,146,64.6,39.87
KK Nair,18,18,3,0,10,100.0,12,66.67,55.56
KL Rahul,593,339,56,31,104,174.93,410,69.14,30.68
Kartik Sharma,295,216,24,16,88,136.57,192,65.08,40.74
Kartik Tyagi,11,10,1,1,7,110.0,10,90.91,70.0
Krish Bhagat,10,21,0,0,12,47.62,0,0.0,57.14
Kuldeep Yadav,9,21,0,0,14,42.86,0,0.0,66.67
Kumar Kushagra,18,14,3,0,6,128.57,12,66.67,42.86
L Ngidi,4,6,0,0,4,66.67,0,0.0,66.67
LG Pretorius,7,8,0,0,3,87.5,0,0.0,37.5
LS Livingstone,15,25,0,1,18,60.0,6,40.0,72.0
M Jansen,51,45,1,3,21,113.33,22,43.14,46.67
M Prasidh Krishna,6,7,1,0,4,85.71,4,66.67,57.14
M Shahrukh Khan,43,33,3,2,12,130.3,24,55.81,36.36
M Tiwari,18,8,2,1,1,225.0,14,77.78,12.5
MA Starc,0,2,0,0,2,0.0,0,,100.0
MD Choudhary,170,120,11,12,50,141.67,116,68.24,41.67
MD Shanaka,63,46,3,4,20,136.96,36,57.14,43.48
MJ Henry,7,10,1,0,6,70.0,4,57.14,60.0
MJ Santner,26,19,3,0,5,136.84,12,46.15,26.32
MK Pandey,70,49,8,2,17,142.86,44,62.86,34.69
MP Stoinis,216,119,23,11,45,181.51,158,73.15,37.82
MP Yadav,5,5,1,0,4,100.0,4,80.0,80.0
MR Marsh,563,343,51,36,137,164.14,420,74.6,39.94
MW Short,60,50,6,1,22,120.0,30,50.0,44.0
Mohammed Shami,31,22,2,3,13,140.91,26,83.87,59.09
Mohammed Siraj,5,16,1,0,15,31.25,4,80.0,93.75
Mohsin Khan,0,4,0,0,4,0.0,0,,100.0
Mukesh Choudhary,2,2,0,0,1,100.0,0,0.0,50.0
N Burger,14,9,0,1,2,155.56,6,42.86,22.22
N Pooran,234,183,11,19,99,127.87,158,67.52,54.1
N Rana,225,149,27,10,69,151.01,168,74.67,46.31
N Sindhu,63,50,7,2,23,126.0,40,63.49,46.0
N Wadhera,65,57,4,4,29,114.04,40,61.54,50.88
Naman Dhir,318,216,31,13,70,147.22,202,63.52,32.41
Nithish Kumar Reddy,302,176,19,21,56,171.59,202,66.89,31.82
Noor Ahmad,11,23,0,1,18,47.83,6,54.55,78.26
P Nissanka,278,173,33,12,71,160.69,204,73.38,41.04
P Simran Singh,510,300,55,23,105,170.0,358,70.2,35.0
PD Salt,202,120,16,11,41,168.33,130,64.36,34.17
PJ Cummins,30,19,1,3,9,157.89,22,73.33,47.37
PP Hinge,3,9,0,0,7,33.33,0,0.0,77.78
PR Veer,90,67,10,3,30,134.33,58,64.44,44.78
PVD Chameera,0,3,0,0,3,0.0,0,,100.0
Prince Yadav,0,1,0,0,1,0.0,0,,100.0
Priyansh Arya,364,171,27,32,67,212.87,300,82.42,39.18
Q de Kock,132,81,9,9,30,162.96,90,68.18,37.04
R Minz,6,4,1,0,1,150.0,4,66.67,25.0
R Parag,309,195,24,21,82,158.46,222,71.84,42.05
R Powell,190,140,16,10,61,135.71,124,65.26,43.57
R Shepherd,83,65,6,5,30,127.69,54,65.06,46.15
R Smaran,19,25,3,0,15,76.0,12,63.16,60.0
R Tewatia,190,131,20,8,58,145.04,128,67.37,44.27
RA Bawa,16,14,1,0,6,114.29,4,25.0,42.86
RA Jadeja,266,196,24,5,69,135.71,126,47.37,35.2
RD Gaikwad,337,272,29,12,122,123.9,188,55.79,44.85
RD Rickelton,448,240,31,38,91,186.67,352,78.57,37.92
RG Sharma,283,179,21,21,75,158.1,210,74.2,41.9
RK Singh,299,198,28,11,70,151.01,178,59.53,35.35
RM Patidar,501,259,30,42,84,193.44,372,74.25,32.43
RR Pant,313,227,30,11,85,137.89,186,59.42,37.44
Ramandeep Singh,82,68,8,2,26,120.59,44,53.66,38.24
Rashid Khan,50,41,4,2,21,121.95,28,56.0,51.22
Rasikh Salam,3,2,0,0,1,150.0,0,0.0,50.0
Ravi Bishnoi,0,3,0,0,3,0.0,0,,100.0
Ravi Singh,4,2,1,0,1,200.0,4,100.0,50.0
S Arora,121,77,9,9,33,157.14,90,74.38,42.86
S Dube,270,170,24,15,76,158.82,186,68.89,44.71
SA Yadav,270,183,28,10,69,147.54,172,63.7,37.7
SB Dubey,81,58,8,3,23,139.66,50,61.73,39.66
SE Rutherford,123,74,5,12,38,166.22,92,74.8,51.35
SH Johnson,0,1,0,0,1,0.0,0,,100.0
SN Khan,161,94,23,6,42,171.28,128,79.5,44.68
SN Thakur,24,30,2,0,16,80.0,8,33.33,53.33
SO Hetmyer,78,69,5,3,34,113.04,38,48.72,49.28
SP Narine,40,32,2,4,21,125.0,32,80.0,65.62
SR Dubey,4,2,1,0,1,200.0,4,100.0,50.0
SS Iyer,498,293,39,30,91,169.97,336,67.47,31.06
SS Mishra,1,3,0,0,2,33.33,0,0.0,66.67
SU Parakh,46,33,5,2,14,139.39,32,69.57,42.42
SV Samson,477,285,53,24,108,167.37,356,74.63,37.89
Sakib Hussain,5,7,1,0,5,71.43,4,80.0,71.43
Salil Arora,35,21,2,2,9,166.67,20,57.14,42.86
Sameer Rizvi,252,171,15,17,69,147.37,162,64.29,40.35
Shahbaz Ahmed,58,41,4,3,12,141.46,34,58.62,29.27
Shashank Singh,132,70,11,8,24,188.57,92,69.7,34.29
Shivang Kumar,53,45,6,1,23,117.78,30,56.6,51.11
Shubman Gill,732,449,74,33,162,163.03,494,67.49,36.08
Suryansh Shedge,158,90,9,12,27,175.56,108,68.35,30.0
T Dahiya,12,15,2,0,9,80.0,8,66.67,60.0
T Natarajan,1,2,0,0,1,50.0,0,0.0,50.0
T Stubbs,275,216,18,9,71,127.31,126,45.82,32.87
TA Boult,8,4,0,1,1,200.0,6,75.0,25.0
TH David,305,159,22,23,56,191.82,226,74.1,35.22
TL Seifert,19,18,2,1,10,105.56,14,73.68,55.56
TM Head,410,240,46,23,109,170.83,322,78.54,45.42
TU Deshpande,26,14,0,3,5,185.71,18,69.23,35.71
Tilak Varma,359,246,30,17,87,145.93,222,61.84,35.37
Urvil Patel,129,64,6,14,31,201.56,108,83.72,48.44
V Kohli,675,406,73,25,124,166.26,442,65.48,30.54
V Nigam,15,10,2,0,2,150.0,8,53.33,20.0
V Suryavanshi,776,326,63,72,125,238.04,684,88.14,38.34
VG Arora,1,3,0,0,2,33.33,0,0.0,66.67
VR Iyer,209,112,21,13,42,186.61,162,77.51,37.5
Vijaykumar Vyshak,2,4,0,0,2,50.0,0,0.0,50.0
Vishnu Vinod,15,8,1,1,2,187.5,10,66.67,25.0
WG Jacks,139,75,12,9,25,185.33,102,73.38,33.33
Washington Sundar,377,249,40,12,83,151.41,232,61.54,33.33
XC Bartlett,29,13,2,2,4,223.08,20,68.97,30.77
YBK Jaiswal,427,280,52,18,127,152.5,316,74.0,45.36
