match_id,season,match_date,venue,city,team1,team2,toss_winner,toss_decision,winner,result_type,player_of_match
1527674,2026,2026-03-28,"M Chinnaswamy Stadium, Bengaluru",Bengaluru,Sunrisers Hyderabad,Royal Challengers Bengaluru,Royal Challengers Bengaluru,field,Royal Challengers Bengaluru,,JA Duffy
1527675,2026,2026-03-29,"Wankhede Stadium, Mumbai",Mumbai,Kolkata Knight Riders,Mumbai Indians,Mumbai Indians,field,Mumbai Indians,,SN Thakur
1527676,2026,2026-03-30,"Barsapara Cricket Stadium, Guwahati",Guwahati,Chennai Super Kings,Rajasthan Royals,Rajasthan Royals,field,Rajasthan Royals,,N Burger
1527677,2026,2026-03-31,"Maharaja Yadavindra Singh International Cricket Stadium, New Chandigarh",New Chandigarh,Gujarat Titans,Punjab Kings,Punjab Kings,field,Punjab Kings,,C Connolly
1527678,2026,2026-04-01,"Bharat Ratna Shri Atal Bihari Vajpayee Ekana Cricket Stadium, Lucknow",Lucknow,Lucknow Super Giants,Delhi Capitals,Delhi Capitals,field,Delhi Capitals,,Sameer Rizvi
1527679,2026,2026-04-02,"Eden Gardens, Kolkata",Kolkata,Sunrisers Hyderabad,Kolkata Knight Riders,Kolkata Knight Riders,field,Sunrisers Hyderabad,,Nithish Kumar Reddy
1527680,2026,2026-04-03,"MA Chidambaram Stadium, Chepauk, Chennai",Chennai,Chennai Super Kings,Punjab Kings,Punjab Kings,field,Punjab Kings,,Priyansh Arya
1527681,2026,2026-04-04,"Arun Jaitley Stadium, Delhi",Delhi,Mumbai Indians,Delhi Capitals,Delhi Capitals,field,Delhi Capitals,,Sameer Rizvi
1527682,2026,2026-04-04,"Narendra Modi Stadium, Ahmedabad",Ahmedabad,Rajasthan Royals,Gujarat Titans,Rajasthan Royals,bat,Rajasthan Royals,,Ravi Bishnoi
1527683,2026,2026-04-05,"Rajiv Gandhi International Stadium, Uppal, Hyderabad",Hyderabad,Sunrisers Hyderabad,Lucknow Super Giants,Lucknow Super Giants,field,Lucknow Super Giants,,Mohammed Shami
1527684,2026,2026-04-05,"M Chinnaswamy Stadium, Bengaluru",Bengaluru,Royal Challengers Bengaluru,Chennai Super Kings,Chennai Super Kings,field,Royal Challengers Bengaluru,,TH David
1527685,2026,2026-04-06,"Eden Gardens, Kolkata",Kolkata,Kolkata Knight Riders,Punjab Kings,Kolkata Knight Riders,bat,,no result,
1527686,2026,2026-04-07,"Barsapara Cricket Stadium, Guwahati",Guwahati,Rajasthan Royals,Mumbai Indians,Mumbai Indians,field,Rajasthan Royals,,YBK Jaiswal
1527687,2026,2026-04-08,"Arun Jaitley Stadium, Delhi",Delhi,Gujarat Titans,Delhi Capitals,Delhi Capitals,field,Gujarat Titans,,Rashid Khan
1527688,2026,2026-04-09,"Eden Gardens, Kolkata",Kolkata,Kolkata Knight Riders,Lucknow Super Giants,Lucknow Super Giants,field,Lucknow Super Giants,,MD Choudhary
1527689,2026,2026-04-10,"Barsapara Cricket Stadium, Guwahati",Guwahati,Royal Challengers Bengaluru,Rajasthan Royals,Rajasthan Royals,field,Rajasthan Royals,,V Suryavanshi
1527690,2026,2026-04-11,"Maharaja Yadavindra Singh International Cricket Stadium, New Chandigarh",New Chandigarh,Sunrisers Hyderabad,Punjab Kings,Punjab Kings,field,Punjab Kings,,SS Iyer
1527691,2026,2026-04-11,"MA Chidambaram Stadium, Chepauk, Chennai",Chennai,Chennai Super Kings,Delhi Capitals,Delhi Capitals,field,Chennai Super Kings,,SV Samson
1527692,2026,2026-04-12,"Bharat Ratna Shri Atal Bihari Vajpayee Ekana Cricket Stadium, Lucknow",Lucknow,Lucknow Super Giants,Gujarat Titans,Gujarat Titans,field,Gujarat Titans,,M Prasidh Krishna
1527693,2026,2026-04-12,"Wankhede Stadium, Mumbai",Mumbai,Royal Challengers Bengaluru,Mumbai Indians,Mumbai Indians,field,Royal Challengers Bengaluru,,PD Salt
1529264,2026,2026-04-13,"Rajiv Gandhi International Stadium, Uppal, Hyderabad",Hyderabad,Sunrisers Hyderabad,Rajasthan Royals,Rajasthan Royals,field,Sunrisers Hyderabad,,PP Hinge
1529265,2026,2026-04-14,"MA Chidambaram Stadium, Chepauk, Chennai",Chennai,Chennai Super Kings,Kolkata Knight Riders,Kolkata Knight Riders,field,Chennai Super Kings,,Noor Ahmad
1529266,2026,2026-04-15,"M Chinnaswamy Stadium, Bengaluru",Bengaluru,Lucknow Super Giants,Royal Challengers Bengaluru,Royal Challengers Bengaluru,field,Royal Challengers Bengaluru,,JR Hazlewood
1529267,2026,2026-04-16,"Wankhede Stadium, Mumbai",Mumbai,Mumbai Indians,Punjab Kings,Punjab Kings,field,Punjab Kings,,Arshdeep Singh
1529268,2026,2026-04-17,"Narendra Modi Stadium, Ahmedabad",Ahmedabad,Kolkata Knight Riders,Gujarat Titans,Kolkata Knight Riders,bat,Gujarat Titans,,Shubman Gill
1529269,2026,2026-04-18,"M Chinnaswamy Stadium, Bengaluru",Bengaluru,Royal Challengers Bengaluru,Delhi Capitals,Delhi Capitals,field,Delhi Capitals,,T Stubbs
1529270,2026,2026-04-18,"Rajiv Gandhi International Stadium, Uppal, Hyderabad",Hyderabad,Sunrisers Hyderabad,Chennai Super Kings,Chennai Super Kings,field,Sunrisers Hyderabad,,E Malinga
1529271,2026,2026-04-19,"Eden Gardens, Kolkata",Kolkata,Rajasthan Royals,Kolkata Knight Riders,Rajasthan Royals,bat,Kolkata Knight Riders,,CV Varun
1529272,2026,2026-04-19,"Maharaja Yadavindra Singh International Cricket Stadium, New Chandigarh",New Chandigarh,Punjab Kings,Lucknow Super Giants,Lucknow Super Giants,field,Punjab Kings,,Priyansh Arya
1529273,2026,2026-04-20,"Narendra Modi Stadium, Ahmedabad",Ahmedabad,Mumbai Indians,Gujarat Titans,Gujarat Titans,field,Mumbai Indians,,Tilak Varma
1529274,2026,2026-04-21,"Rajiv Gandhi International Stadium, Uppal, Hyderabad",Hyderabad,Sunrisers Hyderabad,Delhi Capitals,Delhi Capitals,field,Sunrisers Hyderabad,,Abhishek Sharma
1529275,2026,2026-04-22,"Bharat Ratna Shri Atal Bihari Vajpayee Ekana Cricket Stadium, Lucknow",Lucknow,Rajasthan Royals,Lucknow Super Giants,Lucknow Super Giants,field,Rajasthan Royals,,RA Jadeja
1529276,2026,2026-04-23,"Wankhede Stadium, Mumbai",Mumbai,Chennai Super Kings,Mumbai Indians,Mumbai Indians,field,Chennai Super Kings,,SV Samson
1529277,2026,2026-04-24,"M Chinnaswamy Stadium, Bengaluru",Bengaluru,Gujarat Titans,Royal Challengers Bengaluru,Royal Challengers Bengaluru,field,Royal Challengers Bengaluru,,V Kohli
1529278,2026,2026-04-25,"Arun Jaitley Stadium, Delhi",Delhi,Delhi Capitals,Punjab Kings,Delhi Capitals,bat,Punjab Kings,,KL Rahul
1529279,2026,2026-04-25,"Sawai Mansingh Stadium, Jaipur",Jaipur,Rajasthan Royals,Sunrisers Hyderabad,Sunrisers Hyderabad,field,Sunrisers Hyderabad,,Ishan Kishan
1529280,2026,2026-04-26,"MA Chidambaram Stadium, Chepauk, Chennai",Chennai,Chennai Super Kings,Gujarat Titans,Gujarat Titans,field,Gujarat Titans,,K Rabada
1529281,2026,2026-04-26,"Bharat Ratna Shri Atal Bihari Vajpayee Ekana Cricket Stadium, Lucknow",Lucknow,Kolkata Knight Riders,Lucknow Super Giants,Lucknow Super Giants,field,,tie,RK Singh
1529282,2026,2026-04-27,"Arun Jaitley Stadium, Delhi",Delhi,Delhi Capitals,Royal Challengers Bengaluru,Royal Challengers Bengaluru,field,Royal Challengers Bengaluru,,JR Hazlewood
1529283,2026,2026-04-28,"Maharaja Yadavindra Singh International Cricket Stadium, New Chandigarh",New Chandigarh,Punjab Kings,Rajasthan Royals,Rajasthan Royals,field,Rajasthan Royals,,D Ferreira
1529284,2026,2026-04-29,"Wankhede Stadium, Mumbai",Mumbai,Mumbai Indians,Sunrisers Hyderabad,Mumbai Indians,bat,Sunrisers Hyderabad,,H Klaasen
1529285,2026,2026-04-30,"Narendra Modi Stadium, Ahmedabad",Ahmedabad,Royal Challengers Bengaluru,Gujarat Titans,Gujarat Titans,field,Gujarat Titans,,JO Holder
1529286,2026,2026-05-01,"Sawai Mansingh Stadium, Jaipur",Jaipur,Rajasthan Royals,Delhi Capitals,Rajasthan Royals,bat,Delhi Capitals,,KL Rahul
1529287,2026,2026-05-02,"MA Chidambaram Stadium, Chepauk, Chennai",Chennai,Mumbai Indians,Chennai Super Kings,Mumbai Indians,bat,Chennai Super Kings,,RD Gaikwad
1529288,2026,2026-05-03,"Rajiv Gandhi International Stadium, Uppal, Hyderabad",Hyderabad,Sunrisers Hyderabad,Kolkata Knight Riders,Sunrisers Hyderabad,bat,Kolkata Knight Riders,,CV Varun
1529289,2026,2026-05-03,"Narendra Modi Stadium, Ahmedabad",Ahmedabad,Punjab Kings,Gujarat Titans,Gujarat Titans,field,Gujarat Titans,,JO Holder
1529290,2026,2026-05-04,"Wankhede Stadium, Mumbai",Mumbai,Lucknow Super Giants,Mumbai Indians,Mumbai Indians,field,Mumbai Indians,,RD Rickelton
1529291,2026,2026-05-05,"Arun Jaitley Stadium, Delhi",Delhi,Delhi Capitals,Chennai Super Kings,Delhi Capitals,bat,Chennai Super Kings,,SV Samson
1529292,2026,2026-05-06,"Rajiv Gandhi International Stadium, Uppal, Hyderabad",Hyderabad,Sunrisers Hyderabad,Punjab Kings,Punjab Kings,field,Sunrisers Hyderabad,,PJ Cummins
1529293,2026,2026-05-07,"Bharat Ratna Shri Atal Bihari Vajpayee Ekana Cricket Stadium, Lucknow",Lucknow,Lucknow Super Giants,Royal Challengers Bengaluru,Royal Challengers Bengaluru,field,Lucknow Super Giants,,MR Marsh
1529294,2026,2026-05-08,"Arun Jaitley Stadium, Delhi",Delhi,Delhi Capitals,Kolkata Knight Riders,Kolkata Knight Riders,field,Kolkata Knight Riders,,FH Allen
1529295,2026,2026-05-09,"Sawai Mansingh Stadium, Jaipur",Jaipur,Gujarat Titans,Rajasthan Royals,Rajasthan Royals,field,Gujarat Titans,,Rashid Khan
1529296,2026,2026-05-10,"MA Chidambaram Stadium, Chepauk, Chennai",Chennai,Lucknow Super Giants,Chennai Super Kings,Chennai Super Kings,field,Chennai Super Kings,,J Overton
1529297,2026,2026-05-10,"Shaheed Veer Narayan Singh International Stadium, Raipur",Raipur,Mumbai Indians,Royal Challengers Bengaluru,Royal Challengers Bengaluru,field,Royal Challengers Bengaluru,,B Kumar
1529298,2026,2026-05-11,"Himachal Pradesh Cricket Association Stadium, Dharamsala",Dharamsala,Punjab Kings,Delhi Capitals,Delhi Capitals,field,Delhi Capitals,,M Tiwari
1529299,2026,2026-05-12,"Narendra Modi Stadium, Ahmedabad",Ahmedabad,Gujarat Titans,Sunrisers Hyderabad,Sunrisers Hyderabad,field,Gujarat Titans,,K Rabada
1529300,2026,2026-05-13,"Shaheed Veer Narayan Singh International Stadium, Raipur",Raipur,Kolkata Knight Riders,Royal Challengers Bengaluru,Royal Challengers Bengaluru,field,Royal Challengers Bengaluru,,V Kohli
1529301,2026,2026-05-14,"Himachal Pradesh Cricket Association Stadium, Dharamsala",Dharamsala,Punjab Kings,Mumbai Indians,Mumbai Indians,field,Mumbai Indians,,Tilak Varma
1529302,2026,2026-05-15,"Bharat Ratna Shri Atal Bihari Vajpayee Ekana Cricket Stadium, Lucknow",Lucknow,Chennai Super Kings,Lucknow Super Giants,Lucknow Super Giants,field,Lucknow Super Giants,,MR Marsh
1529303,2026,2026-05-16,"Eden Gardens, Kolkata",Kolkata,Kolkata Knight Riders,Gujarat Titans,Gujarat Titans,field,Kolkata Knight Riders,,SP Narine
1529304,2026,2026-05-17,"Himachal Pradesh Cricket Association Stadium, Dharamsala",Dharamsala,Royal Challengers Bengaluru,Punjab Kings,Punjab Kings,field,Royal Challengers Bengaluru,,VR Iyer
1529305,2026,2026-05-17,"Arun Jaitley Stadium, Delhi",Delhi,Rajasthan Royals,Delhi Capitals,Delhi Capitals,field,Delhi Capitals,,MA Starc
1529306,2026,2026-05-18,"MA Chidambaram Stadium, Chepauk, Chennai",Chennai,Chennai Super Kings,Sunrisers Hyderabad,Chennai Super Kings,bat,Sunrisers Hyderabad,,Ishan Kishan
1529307,2026,2026-05-19,"Sawai Mansingh Stadium, Jaipur",Jaipur,Lucknow Super Giants,Rajasthan Royals,Rajasthan Royals,field,Rajasthan Royals,,V Suryavanshi
1529308,2026,2026-05-20,"Eden Gardens, Kolkata",Kolkata,Mumbai Indians,Kolkata Knight Riders,Kolkata Knight Riders,field,Kolkata Knight Riders,,MK Pandey
1529309,2026,2026-05-21,"Narendra Modi Stadium, Ahmedabad",Ahmedabad,Gujarat Titans,Chennai Super Kings,Chennai Super Kings,field,Gujarat Titans,,Mohammed Siraj
1529310,2026,2026-05-22,"Rajiv Gandhi International Stadium, Uppal, Hyderabad",Hyderabad,Sunrisers Hyderabad,Royal Challengers Bengaluru,Sunrisers Hyderabad,bat,Sunrisers Hyderabad,,Ishan Kishan
1529311,2026,2026-05-23,"Bharat Ratna Shri Atal Bihari Vajpayee Ekana Cricket Stadium, Lucknow",Lucknow,Lucknow Super Giants,Punjab Kings,Punjab Kings,field,Punjab Kings,,SS Iyer
1529312,2026,2026-05-24,"Wankhede Stadium, Mumbai",Mumbai,Rajasthan Royals,Mumbai Indians,Mumbai Indians,field,Rajasthan Royals,,JC Archer
1529313,2026,2026-05-24,"Eden Gardens, Kolkata",Kolkata,Delhi Capitals,Kolkata Knight Riders,Kolkata Knight Riders,field,Delhi Capitals,,Kuldeep Yadav
1535462,2026,2026-05-26,"Himachal Pradesh Cricket Association Stadium, Dharamsala",Dharamsala,Royal Challengers Bengaluru,Gujarat Titans,Gujarat Titans,field,Royal Challengers Bengaluru,,RM Patidar
1535463,2026,2026-05-27,"Maharaja Yadavindra Singh International Cricket Stadium, New Chandigarh",New Chandigarh,Rajasthan Royals,Sunrisers Hyderabad,Sunrisers Hyderabad,field,Rajasthan Royals,,V Suryavanshi
1535464,2026,2026-05-29,"Maharaja Yadavindra Singh International Cricket Stadium, New Chandigarh",New Chandigarh,Rajasthan Royals,Gujarat Titans,Rajasthan Royals,bat,Gujarat Titans,,Shubman Gill
1535465,2026,2026-05-31,"Narendra Modi Stadium, Ahmedabad",Ahmedabad,Gujarat Titans,Royal Challengers Bengaluru,Royal Challengers Bengaluru,field,Royal Challengers Bengaluru,,V Kohli
