match_id,match_date,venue,city,team1,team2,toss_winner,toss_decision,first_innings_team,first_innings_runs,second_innings_team,second_innings_runs,winner,result_type,run_margin,wickets_margin,total_match_runs,team1_win,team1_prev_win_pct,team2_prev_win_pct,team1_recent_form,team2_recent_form,team1_avg_runs,team2_avg_runs,team1_avg_conceded,team2_avg_conceded,toss_winner_is_team1
1527674,2026-03-28,"M Chinnaswamy Stadium, Bengaluru",Bengaluru,Sunrisers Hyderabad,Royal Challengers Bengaluru,Royal Challengers Bengaluru,field,Sunrisers Hyderabad,201,Royal Challengers Bengaluru,203.0,Royal Challengers Bengaluru,Chased,,6.0,404,0,0.5,0.5,0.5,0.5,0.0,0.0,0.0,0.0,0
1527675,2026-03-29,"Wankhede Stadium, Mumbai",Mumbai,Kolkata Knight Riders,Mumbai Indians,Mumbai Indians,field,Kolkata Knight Riders,220,Mumbai Indians,224.0,Mumbai Indians,Chased,,6.0,444,0,0.5,0.5,0.5,0.5,0.0,0.0,0.0,0.0,0
1527676,2026-03-30,"Barsapara Cricket Stadium, Guwahati",Guwahati,Chennai Super Kings,Rajasthan Royals,Rajasthan Royals,field,Chennai Super Kings,127,Rajasthan Royals,128.0,Rajasthan Royals,Chased,,8.0,255,0,0.5,0.5,0.5,0.5,0.0,0.0,0.0,0.0,0
1527677,2026-03-31,"Maharaja Yadavindra Singh International Cricket Stadium, New Chandigarh",New Chandigarh,Gujarat Titans,Punjab Kings,Punjab Kings,field,Gujarat Titans,162,Punjab Kings,165.0,Punjab Kings,Chased,,3.0,327,0,0.5,0.5,0.5,0.5,0.0,0.0,0.0,0.0,0
1527678,2026-04-01,"Bharat Ratna Shri Atal Bihari Vajpayee Ekana Cricket Stadium, Lucknow",Lucknow,Lucknow Super Giants,Delhi Capitals,Delhi Capitals,field,Lucknow Super Giants,141,Delhi Capitals,145.0,Delhi Capitals,Chased,,6.0,286,0,0.5,0.5,0.5,0.5,0.0,0.0,0.0,0.0,0
1527679,2026-04-02,"Eden Gardens, Kolkata",Kolkata,Sunrisers Hyderabad,Kolkata Knight Riders,Kolkata Knight Riders,field,Sunrisers Hyderabad,226,Kolkata Knight Riders,161.0,Sunrisers Hyderabad,Defended,65.0,,387,1,0.0,0.0,0.0,0.0,201.0,220.0,203.0,224.0,0
1527680,2026-04-03,"MA Chidambaram Stadium, Chepauk, Chennai",Chennai,Chennai Super Kings,Punjab Kings,Punjab Kings,field,Chennai Super Kings,209,Punjab Kings,210.0,Punjab Kings,Chased,,5.0,419,0,0.0,1.0,0.0,1.0,127.0,165.0,128.0,162.0,0
1527682,2026-04-04,"Narendra Modi Stadium, Ahmedabad",Ahmedabad,Rajasthan Royals,Gujarat Titans,Rajasthan Royals,bat,Rajasthan Royals,210,Gujarat Titans,204.0,Rajasthan Royals,Defended,6.0,,414,1,1.0,0.0,1.0,0.0,128.0,162.0,127.0,165.0,1
1527681,2026-04-04,"Arun Jaitley Stadium, Delhi",Delhi,Mumbai Indians,Delhi Capitals,Delhi Capitals,field,Mumbai Indians,162,Delhi Capitals,164.0,Delhi Capitals,Chased,,6.0,326,0,1.0,1.0,1.0,1.0,224.0,145.0,220.0,141.0,0
1527683,2026-04-05,"Rajiv Gandhi International Stadium, Uppal, Hyderabad",Hyderabad,Sunrisers Hyderabad,Lucknow Super Giants,Lucknow Super Giants,field,Sunrisers Hyderabad,156,Lucknow Super Giants,160.0,Lucknow Super Giants,Chased,,5.0,316,0,0.5,0.0,0.5,0.0,213.5,141.0,182.0,145.0,0
1527684,2026-04-05,"M Chinnaswamy Stadium, Bengaluru",Bengaluru,Royal Challengers Bengaluru,Chennai Super Kings,Chennai Super Kings,field,Royal Challengers Bengaluru,250,Chennai Super Kings,207.0,Royal Challengers Bengaluru,Defended,43.0,,457,1,1.0,0.0,1.0,0.0,203.0,168.0,201.0,169.0,0
1527686,2026-04-07,"Barsapara Cricket Stadium, Guwahati",Guwahati,Rajasthan Royals,Mumbai Indians,Mumbai Indians,field,Rajasthan Royals,150,Mumbai Indians,123.0,Rajasthan Royals,Defended,27.0,,273,1,1.0,0.5,1.0,0.5,169.0,193.0,165.5,192.0,0
1527687,2026-04-08,"Arun Jaitley Stadium, Delhi",Delhi,Gujarat Titans,Delhi Capitals,Delhi Capitals,field,Gujarat Titans,210,Delhi Capitals,209.0,Gujarat Titans,Defended,1.0,,419,1,0.0,1.0,0.0,1.0,183.0,154.5,187.5,151.5,0
1527688,2026-04-09,"Eden Gardens, Kolkata",Kolkata,Kolkata Knight Riders,Lucknow Super Giants,Lucknow Super Giants,field,Kolkata Knight Riders,181,Lucknow Super Giants,182.0,Lucknow Super Giants,Chased,,3.0,363,0,0.0,0.5,0.0,0.5,190.5,150.5,225.0,150.5,0
1527689,2026-04-10,"Barsapara Cricket Stadium, Guwahati",Guwahati,Royal Challengers Bengaluru,Rajasthan Royals,Rajasthan Royals,field,Royal Challengers Bengaluru,201,Rajasthan Royals,202.0,Rajasthan Royals,Chased,,6.0,403,0,1.0,1.0,1.0,1.0,226.5,162.66666666666666,204.0,151.33333333333334,0
1527691,2026-04-11,"MA Chidambaram Stadium, Chepauk, Chennai",Chennai,Chennai Super Kings,Delhi Capitals,Delhi Capitals,field,Chennai Super Kings,212,Delhi Capitals,189.0,Chennai Super Kings,Defended,23.0,,401,1,0.0,0.6666666666666666,0.0,0.6666666666666666,181.0,172.66666666666666,196.0,171.0,0
1527690,2026-04-11,"Maharaja Yadavindra Singh International Cricket Stadium, New Chandigarh",New Chandigarh,Sunrisers Hyderabad,Punjab Kings,Punjab Kings,field,Sunrisers Hyderabad,219,Punjab Kings,223.0,Punjab Kings,Chased,,6.0,442,0,0.3333333333333333,1.0,0.3333333333333333,1.0,194.33333333333334,187.5,174.66666666666666,185.5,0
1527693,2026-04-12,"Wankhede Stadium, Mumbai",Mumbai,Royal Challengers Bengaluru,Mumbai Indians,Mumbai Indians,field,Royal Challengers Bengaluru,240,Mumbai Indians,222.0,Royal Challengers Bengaluru,Defended,18.0,,462,1,0.6666666666666666,0.3333333333333333,0.6666666666666666,0.3333333333333333,218.0,169.66666666666666,203.33333333333334,178.0,0
1527692,2026-04-12,"Bharat Ratna Shri Atal Bihari Vajpayee Ekana Cricket Stadium, Lucknow",Lucknow,Lucknow Super Giants,Gujarat Titans,Gujarat Titans,field,Lucknow Super Giants,164,Gujarat Titans,165.0,Gujarat Titans,Chased,,7.0,329,0,0.6666666666666666,0.3333333333333333,0.6666666666666666,0.3333333333333333,161.0,192.0,160.66666666666666,194.66666666666666,0
1529264,2026-04-13,"Rajiv Gandhi International Stadium, Uppal, Hyderabad",Hyderabad,Sunrisers Hyderabad,Rajasthan Royals,Rajasthan Royals,field,Sunrisers Hyderabad,216,Rajasthan Royals,159.0,Sunrisers Hyderabad,Defended,57.0,,375,1,0.25,1.0,0.3333333333333333,1.0,200.5,172.5,186.75,163.75,0
1529265,2026-04-14,"MA Chidambaram Stadium, Chepauk, Chennai",Chennai,Chennai Super Kings,Kolkata Knight Riders,Kolkata Knight Riders,field,Chennai Super Kings,192,Kolkata Knight Riders,160.0,Chennai Super Kings,Defended,32.0,,352,1,0.25,0.0,0.3333333333333333,0.0,188.75,187.33333333333334,194.25,210.66666666666666,0
1529266,2026-04-15,"M Chinnaswamy Stadium, Bengaluru",Bengaluru,Lucknow Super Giants,Royal Challengers Bengaluru,Royal Challengers Bengaluru,field,Lucknow Super Giants,146,Royal Challengers Bengaluru,149.0,Royal Challengers Bengaluru,Chased,,5.0,295,0,0.5,0.75,0.6666666666666666,0.6666666666666666,161.75,223.5,161.75,208.0,0
1529267,2026-04-16,"Wankhede Stadium, Mumbai",Mumbai,Mumbai Indians,Punjab Kings,Punjab Kings,field,Mumbai Indians,195,Punjab Kings,198.0,Punjab Kings,Chased,,7.0,393,0,0.25,1.0,0.0,1.0,182.75,199.33333333333334,193.5,196.66666666666666,0
1529268,2026-04-17,"Narendra Modi Stadium, Ahmedabad",Ahmedabad,Kolkata Knight Riders,Gujarat Titans,Kolkata Knight Riders,bat,Kolkata Knight Riders,180,Gujarat Titans,181.0,Gujarat Titans,Chased,,5.0,361,0,0.0,0.5,0.0,0.6666666666666666,180.5,185.25,206.0,187.0,1
1529269,2026-04-18,"M Chinnaswamy Stadium, Bengaluru",Bengaluru,Royal Challengers Bengaluru,Delhi Capitals,Delhi Capitals,field,Royal Challengers Bengaluru,175,Delhi Capitals,179.0,Delhi Capitals,Chased,,5.0,354,0,0.8,0.5,0.6666666666666666,0.3333333333333333,208.6,176.75,195.6,181.25,0
1529270,2026-04-18,"Rajiv Gandhi International Stadium, Uppal, Hyderabad",Hyderabad,Sunrisers Hyderabad,Chennai Super Kings,Chennai Super Kings,field,Sunrisers Hyderabad,194,Chennai Super Kings,184.0,Sunrisers Hyderabad,Defended,10.0,,378,1,0.4,0.4,0.3333333333333333,0.6666666666666666,203.6,189.4,181.2,187.4,0
1529271,2026-04-19,"Eden Gardens, Kolkata",Kolkata,Rajasthan Royals,Kolkata Knight Riders,Rajasthan Royals,bat,Rajasthan Royals,155,Kolkata Knight Riders,161.0,Kolkata Knight Riders,Chased,,4.0,316,0,0.8,0.0,0.6666666666666666,0.0,169.8,180.4,174.2,201.0,1
1529272,2026-04-19,"Maharaja Yadavindra Singh International Cricket Stadium, New Chandigarh",New Chandigarh,Punjab Kings,Lucknow Super Giants,Lucknow Super Giants,field,Punjab Kings,254,Lucknow Super Giants,200.0,Punjab Kings,Defended,54.0,,454,1,1.0,0.4,1.0,0.3333333333333333,199.0,158.6,196.25,159.2,0
1529273,2026-04-20,"Narendra Modi Stadium, Ahmedabad",Ahmedabad,Mumbai Indians,Gujarat Titans,Gujarat Titans,field,Mumbai Indians,199,Gujarat Titans,100.0,Mumbai Indians,Defended,99.0,,299,1,0.2,0.6,0.0,1.0,185.2,184.4,194.4,185.6,0
1529274,2026-04-21,"Rajiv Gandhi International Stadium, Uppal, Hyderabad",Hyderabad,Sunrisers Hyderabad,Delhi Capitals,Delhi Capitals,field,Sunrisers Hyderabad,242,Delhi Capitals,195.0,Sunrisers Hyderabad,Defended,47.0,,437,1,0.5,0.6,0.6666666666666666,0.3333333333333333,202.0,177.2,181.66666666666666,180.0,0
1529275,2026-04-22,"Bharat Ratna Shri Atal Bihari Vajpayee Ekana Cricket Stadium, Lucknow",Lucknow,Rajasthan Royals,Lucknow Super Giants,Lucknow Super Giants,field,Rajasthan Royals,159,Lucknow Super Giants,119.0,Rajasthan Royals,Defended,40.0,,278,1,0.6666666666666666,0.3333333333333333,0.3333333333333333,0.0,167.33333333333334,165.5,172.0,175.0,0
1529276,2026-04-23,"Wankhede Stadium, Mumbai",Mumbai,Chennai Super Kings,Mumbai Indians,Mumbai Indians,field,Chennai Super Kings,207,Mumbai Indians,104.0,Chennai Super Kings,Defended,103.0,,311,1,0.3333333333333333,0.3333333333333333,0.6666666666666666,0.3333333333333333,188.5,187.5,188.5,178.66666666666666,0
1529277,2026-04-24,"M Chinnaswamy Stadium, Bengaluru",Bengaluru,Gujarat Titans,Royal Challengers Bengaluru,Royal Challengers Bengaluru,field,Gujarat Titans,205,Royal Challengers Bengaluru,206.0,Royal Challengers Bengaluru,Chased,,5.0,411,0,0.5,0.6666666666666666,0.6666666666666666,0.6666666666666666,170.33333333333334,203.0,187.83333333333334,192.83333333333334,0
1529278,2026-04-25,"Arun Jaitley Stadium, Delhi",Delhi,Delhi Capitals,Punjab Kings,Delhi Capitals,bat,Delhi Capitals,264,Punjab Kings,265.0,Punjab Kings,Chased,,6.0,529,0,0.5,1.0,0.3333333333333333,1.0,180.16666666666666,210.0,190.33333333333334,197.0,1
1529279,2026-04-25,"Sawai Mansingh Stadium, Jaipur",Jaipur,Rajasthan Royals,Sunrisers Hyderabad,Sunrisers Hyderabad,field,Rajasthan Royals,228,Sunrisers Hyderabad,229.0,Sunrisers Hyderabad,Chased,,5.0,457,0,0.7142857142857143,0.5714285714285714,0.3333333333333333,1.0,166.14285714285714,207.71428571428572,164.42857142857142,183.57142857142858,0
1529280,2026-04-26,"MA Chidambaram Stadium, Chepauk, Chennai",Chennai,Chennai Super Kings,Gujarat Titans,Gujarat Titans,field,Chennai Super Kings,158,Gujarat Titans,162.0,Gujarat Titans,Chased,,8.0,320,0,0.42857142857142855,0.42857142857142855,0.6666666666666666,0.3333333333333333,191.14285714285714,175.28571428571428,176.42857142857142,190.42857142857142,0
1529282,2026-04-27,"Arun Jaitley Stadium, Delhi",Delhi,Delhi Capitals,Royal Challengers Bengaluru,Royal Challengers Bengaluru,field,Delhi Capitals,75,Royal Challengers Bengaluru,77.0,Royal Challengers Bengaluru,Chased,,9.0,152,0,0.42857142857142855,0.7142857142857143,0.3333333333333333,0.6666666666666666,192.14285714285714,203.42857142857142,201.0,194.57142857142858,0
1529283,2026-04-28,"Maharaja Yadavindra Singh International Cricket Stadium, New Chandigarh",New Chandigarh,Punjab Kings,Rajasthan Royals,Rajasthan Royals,field,Punjab Kings,222,Rajasthan Royals,228.0,Rajasthan Royals,Chased,,6.0,450,0,1.0,0.625,1.0,0.3333333333333333,219.16666666666666,173.875,208.16666666666666,172.5,0
1529284,2026-04-29,"Wankhede Stadium, Mumbai",Mumbai,Mumbai Indians,Sunrisers Hyderabad,Mumbai Indians,bat,Mumbai Indians,243,Sunrisers Hyderabad,249.0,Sunrisers Hyderabad,Chased,,6.0,492,0,0.2857142857142857,0.625,0.3333333333333333,1.0,175.57142857142858,210.375,182.71428571428572,189.125,1
1529285,2026-04-30,"Narendra Modi Stadium, Ahmedabad",Ahmedabad,Royal Challengers Bengaluru,Gujarat Titans,Gujarat Titans,field,Royal Challengers Bengaluru,155,Gujarat Titans,158.0,Gujarat Titans,Chased,,4.0,313,0,0.75,0.5,0.6666666666666666,0.3333333333333333,187.625,173.625,179.625,186.375,0
1529286,2026-05-01,"Sawai Mansingh Stadium, Jaipur",Jaipur,Rajasthan Royals,Delhi Capitals,Rajasthan Royals,bat,Rajasthan Royals,225,Delhi Capitals,226.0,Delhi Capitals,Chased,,7.0,451,0,0.6666666666666666,0.375,0.6666666666666666,0.0,179.88888888888889,177.5,178.0,185.5,1
1529287,2026-05-02,"MA Chidambaram Stadium, Chepauk, Chennai",Chennai,Mumbai Indians,Chennai Super Kings,Mumbai Indians,bat,Mumbai Indians,159,Chennai Super Kings,160.0,Chennai Super Kings,Chased,,8.0,319,0,0.25,0.375,0.3333333333333333,0.3333333333333333,184.0,187.0,191.0,174.625,1
1529288,2026-05-03,"Rajiv Gandhi International Stadium, Uppal, Hyderabad",Hyderabad,Sunrisers Hyderabad,Kolkata Knight Riders,Sunrisers Hyderabad,bat,Sunrisers Hyderabad,165,Kolkata Knight Riders,169.0,Kolkata Knight Riders,Chased,,7.0,334,0,0.6666666666666666,0.16666666666666666,1.0,0.3333333333333333,214.66666666666666,177.16666666666666,195.11111111111111,193.33333333333334,1
1529289,2026-05-03,"Narendra Modi Stadium, Ahmedabad",Ahmedabad,Punjab Kings,Gujarat Titans,Gujarat Titans,field,Punjab Kings,163,Gujarat Titans,167.0,Gujarat Titans,Chased,,4.0,330,0,0.8571428571428571,0.5555555555555556,0.6666666666666666,0.6666666666666666,219.57142857142858,171.88888888888889,211.0,182.88888888888889,0
1529290,2026-05-04,"Wankhede Stadium, Mumbai",Mumbai,Lucknow Super Giants,Mumbai Indians,Mumbai Indians,field,Lucknow Super Giants,228,Mumbai Indians,229.0,Mumbai Indians,Chased,,6.0,457,0,0.2857142857142857,0.2222222222222222,0.0,0.0,158.85714285714286,181.22222222222223,172.71428571428572,187.55555555555554,0
1529291,2026-05-05,"Arun Jaitley Stadium, Delhi",Delhi,Delhi Capitals,Chennai Super Kings,Delhi Capitals,bat,Delhi Capitals,155,Chennai Super Kings,159.0,Chennai Super Kings,Chased,,8.0,314,0,0.4444444444444444,0.4444444444444444,0.3333333333333333,0.6666666666666666,182.88888888888889,184.0,189.88888888888889,172.88888888888889,1
1529292,2026-05-06,"Rajiv Gandhi International Stadium, Uppal, Hyderabad",Hyderabad,Sunrisers Hyderabad,Punjab Kings,Punjab Kings,field,Sunrisers Hyderabad,235,Punjab Kings,202.0,Sunrisers Hyderabad,Defended,33.0,,437,1,0.6,0.75,0.6666666666666666,0.3333333333333333,209.7,212.5,192.5,205.5,0
1529293,2026-05-07,"Bharat Ratna Shri Atal Bihari Vajpayee Ekana Cricket Stadium, Lucknow",Lucknow,Lucknow Super Giants,Royal Challengers Bengaluru,Royal Challengers Bengaluru,field,Lucknow Super Giants,209,Royal Challengers Bengaluru,203.0,Lucknow Super Giants,Defended,6.0,,412,1,0.25,0.6666666666666666,0.0,0.6666666666666666,167.5,184.0,179.75,177.22222222222223,0
1529294,2026-05-08,"Arun Jaitley Stadium, Delhi",Delhi,Delhi Capitals,Kolkata Knight Riders,Kolkata Knight Riders,field,Delhi Capitals,142,Kolkata Knight Riders,147.0,Kolkata Knight Riders,Chased,,8.0,289,0,0.4,0.2857142857142857,0.3333333333333333,0.6666666666666666,180.1,176.0,186.8,189.28571428571428,0
1529295,2026-05-09,"Sawai Mansingh Stadium, Jaipur",Jaipur,Gujarat Titans,Rajasthan Royals,Rajasthan Royals,field,Gujarat Titans,229,Rajasthan Royals,152.0,Gujarat Titans,Defended,77.0,,381,1,0.6,0.6,1.0,0.3333333333333333,171.4,184.4,180.9,182.8,0
1529296,2026-05-10,"MA Chidambaram Stadium, Chepauk, Chennai",Chennai,Lucknow Super Giants,Chennai Super Kings,Chennai Super Kings,field,Lucknow Super Giants,203,Chennai Super Kings,208.0,Chennai Super Kings,Chased,,5.0,411,0,0.3333333333333333,0.5,0.3333333333333333,0.6666666666666666,172.11111111111111,181.5,182.33333333333334,171.1,0
1529297,2026-05-10,"Shaheed Veer Narayan Singh International Stadium, Raipur",Raipur,Mumbai Indians,Royal Challengers Bengaluru,Royal Challengers Bengaluru,field,Mumbai Indians,166,Royal Challengers Bengaluru,167.0,Royal Challengers Bengaluru,Chased,,2.0,333,0,0.3,0.6,0.3333333333333333,0.3333333333333333,186.0,185.9,191.6,180.4,0
1529298,2026-05-11,"Himachal Pradesh Cricket Association Stadium, Dharamsala",Dharamsala,Punjab Kings,Delhi Capitals,Delhi Capitals,field,Punjab Kings,210,Delhi Capitals,216.0,Delhi Capitals,Chased,,3.0,426,0,0.6666666666666666,0.36363636363636365,0.0,0.3333333333333333,211.33333333333334,176.63636363636363,208.77777777777777,183.1818181818182,0
1529299,2026-05-12,"Narendra Modi Stadium, Ahmedabad",Ahmedabad,Gujarat Titans,Sunrisers Hyderabad,Sunrisers Hyderabad,field,Gujarat Titans,168,Sunrisers Hyderabad,86.0,Gujarat Titans,Defended,82.0,,254,1,0.6363636363636364,0.6363636363636364,1.0,0.6666666666666666,176.63636363636363,212.0,178.27272727272728,193.36363636363637,0
1529300,2026-05-13,"Shaheed Veer Narayan Singh International Stadium, Raipur",Raipur,Kolkata Knight Riders,Royal Challengers Bengaluru,Royal Challengers Bengaluru,field,Kolkata Knight Riders,192,Royal Challengers Bengaluru,194.0,Royal Challengers Bengaluru,Chased,,6.0,386,0,0.375,0.6363636363636364,1.0,0.3333333333333333,172.375,184.1818181818182,183.375,179.0909090909091,0
1529301,2026-05-14,"Himachal Pradesh Cricket Association Stadium, Dharamsala",Dharamsala,Punjab Kings,Mumbai Indians,Mumbai Indians,field,Punjab Kings,200,Mumbai Indians,205.0,Mumbai Indians,Chased,,6.0,405,0,0.6,0.2727272727272727,0.0,0.3333333333333333,211.2,184.1818181818182,209.5,189.36363636363637,0
1529302,2026-05-15,"Bharat Ratna Shri Atal Bihari Vajpayee Ekana Cricket Stadium, Lucknow",Lucknow,Chennai Super Kings,Lucknow Super Giants,Lucknow Super Giants,field,Chennai Super Kings,187,Lucknow Super Giants,188.0,Lucknow Super Giants,Chased,,7.0,375,0,0.5454545454545454,0.3,1.0,0.3333333333333333,183.9090909090909,175.2,174.0,184.9,0
1529303,2026-05-16,"Eden Gardens, Kolkata",Kolkata,Kolkata Knight Riders,Gujarat Titans,Gujarat Titans,field,Kolkata Knight Riders,247,Gujarat Titans,218.0,Kolkata Knight Riders,Defended,29.0,,465,1,0.3333333333333333,0.6666666666666666,0.6666666666666666,1.0,174.55555555555554,175.91666666666666,184.55555555555554,170.58333333333334,0
1529304,2026-05-17,"Himachal Pradesh Cricket Association Stadium, Dharamsala",Dharamsala,Royal Challengers Bengaluru,Punjab Kings,Punjab Kings,field,Royal Challengers Bengaluru,222,Punjab Kings,199.0,Royal Challengers Bengaluru,Defended,23.0,,421,1,0.6666666666666666,0.5454545454545454,0.6666666666666666,0.0,185.0,210.1818181818182,180.16666666666666,209.0909090909091,0
1529305,2026-05-17,"Arun Jaitley Stadium, Delhi",Delhi,Rajasthan Royals,Delhi Capitals,Delhi Capitals,field,Rajasthan Royals,193,Delhi Capitals,197.0,Delhi Capitals,Chased,,5.0,390,0,0.5454545454545454,0.4166666666666667,0.3333333333333333,0.3333333333333333,181.45454545454547,179.91666666666666,187.0,185.41666666666666,0
1529306,2026-05-18,"MA Chidambaram Stadium, Chepauk, Chennai",Chennai,Chennai Super Kings,Sunrisers Hyderabad,Chennai Super Kings,bat,Chennai Super Kings,180,Sunrisers Hyderabad,181.0,Sunrisers Hyderabad,Chased,,5.0,361,0,0.5,0.5833333333333334,0.6666666666666666,0.3333333333333333,184.16666666666666,201.5,175.16666666666666,191.25,1
1529307,2026-05-19,"Sawai Mansingh Stadium, Jaipur",Jaipur,Lucknow Super Giants,Rajasthan Royals,Rajasthan Royals,field,Lucknow Super Giants,220,Rajasthan Royals,225.0,Rajasthan Royals,Chased,,7.0,445,0,0.36363636363636365,0.5,0.6666666666666666,0.0,176.36363636363637,182.41666666666666,185.0909090909091,187.83333333333334,0
1529308,2026-05-20,"Eden Gardens, Kolkata",Kolkata,Mumbai Indians,Kolkata Knight Riders,Kolkata Knight Riders,field,Mumbai Indians,147,Kolkata Knight Riders,148.0,Kolkata Knight Riders,Chased,,4.0,295,0,0.3333333333333333,0.4,0.6666666666666666,0.6666666666666666,185.91666666666666,181.8,190.25,187.9,0
1529309,2026-05-21,"Narendra Modi Stadium, Ahmedabad",Ahmedabad,Gujarat Titans,Chennai Super Kings,Chennai Super Kings,field,Gujarat Titans,229,Chennai Super Kings,140.0,Gujarat Titans,Defended,89.0,,369,1,0.6153846153846154,0.46153846153846156,0.6666666666666666,0.3333333333333333,179.15384615384616,183.84615384615384,176.46153846153845,175.6153846153846,0
1529310,2026-05-22,"Rajiv Gandhi International Stadium, Uppal, Hyderabad",Hyderabad,Sunrisers Hyderabad,Royal Challengers Bengaluru,Sunrisers Hyderabad,bat,Sunrisers Hyderabad,255,Royal Challengers Bengaluru,200.0,Sunrisers Hyderabad,Defended,55.0,,455,1,0.6153846153846154,0.6923076923076923,0.6666666666666666,1.0,199.92307692307693,187.84615384615384,190.3846153846154,181.6153846153846,1
1529311,2026-05-23,"Bharat Ratna Shri Atal Bihari Vajpayee Ekana Cricket Stadium, Lucknow",Lucknow,Lucknow Super Giants,Punjab Kings,Punjab Kings,field,Lucknow Super Giants,196,Punjab Kings,200.0,Punjab Kings,Chased,,7.0,396,0,0.3333333333333333,0.5,0.3333333333333333,0.0,180.0,209.25,188.41666666666666,210.16666666666666,0
1529312,2026-05-24,"Wankhede Stadium, Mumbai",Mumbai,Rajasthan Royals,Mumbai Indians,Mumbai Indians,field,Rajasthan Royals,205,Mumbai Indians,175.0,Rajasthan Royals,Defended,30.0,,380,1,0.5384615384615384,0.3076923076923077,0.3333333333333333,0.3333333333333333,185.69230769230768,182.92307692307693,190.30769230769232,187.0,0
1529313,2026-05-24,"Eden Gardens, Kolkata",Kolkata,Delhi Capitals,Kolkata Knight Riders,Kolkata Knight Riders,field,Delhi Capitals,203,Kolkata Knight Riders,163.0,Delhi Capitals,Defended,40.0,,366,1,0.46153846153846156,0.45454545454545453,0.6666666666666666,0.6666666666666666,181.23076923076923,178.72727272727272,186.0,184.1818181818182,0
1535462,2026-05-26,"Himachal Pradesh Cricket Association Stadium, Dharamsala",Dharamsala,Royal Challengers Bengaluru,Gujarat Titans,Gujarat Titans,field,Royal Challengers Bengaluru,254,Gujarat Titans,162.0,Royal Challengers Bengaluru,Defended,92.0,,416,1,0.6428571428571429,0.6428571428571429,0.6666666666666666,0.6666666666666666,188.71428571428572,182.71428571428572,186.85714285714286,173.85714285714286,0
1535463,2026-05-27,"Maharaja Yadavindra Singh International Cricket Stadium, New Chandigarh",New Chandigarh,Rajasthan Royals,Sunrisers Hyderabad,Sunrisers Hyderabad,field,Rajasthan Royals,243,Sunrisers Hyderabad,196.0,Rajasthan Royals,Defended,47.0,,439,1,0.5714285714285714,0.6428571428571429,0.6666666666666666,0.6666666666666666,187.07142857142858,203.85714285714286,189.21428571428572,191.07142857142858,0
1535464,2026-05-29,"Maharaja Yadavindra Singh International Cricket Stadium, New Chandigarh",New Chandigarh,Rajasthan Royals,Gujarat Titans,Rajasthan Royals,bat,Rajasthan Royals,214,Gujarat Titans,219.0,Gujarat Titans,Chased,,7.0,433,0,0.6,0.6,1.0,0.3333333333333333,190.8,181.33333333333334,189.66666666666666,179.2,1
1535465,2026-05-31,"Narendra Modi Stadium, Ahmedabad",Ahmedabad,Gujarat Titans,Royal Challengers Bengaluru,Royal Challengers Bengaluru,field,Gujarat Titans,155,Royal Challengers Bengaluru,161.0,Royal Challengers Bengaluru,Chased,,5.0,316,0,0.625,0.6666666666666666,0.6666666666666666,0.6666666666666666,183.6875,193.06666666666666,181.375,185.2,0
